"","logFC","AveExpr","t","P.Value","adj.P.Val","B"
"ACTB",492.942474305914,499.96612118682,13.2687827651678,2.94443493532131e-09,1.71660556729233e-06,-3.78685206552604
"ACTG1",119.686711408222,165.579115945543,10.522801687359,5.5417056648968e-08,1.61540720131742e-05,-3.8248893156372
"PPP1R27",110.120992642857,128.26851525,9.91539101155682,1.15252525499763e-07,2.23974074554539e-05,-3.83708647325391
"MT-RNR2",23417.4921561464,19151.5961156584,8.00178171425353,1.47826290280093e-06,0.000215456818083236,-3.89073868810151
"TRIM63",68.6568737857143,145.433406535714,7.57952428426738,2.74605177169879e-06,0.000291329234033872,-3.90686036778233
"RGS2",92.7530835406051,96.1135564827813,7.52081634317064,2.99824254580314e-06,0.000291329234033872,-3.9092600086143
"MKNK2",82.8837879961623,141.540939714263,6.94749885870105,7.23842374791511e-06,0.000602857292147787,-3.93498378454966
"MYOT",184.860525857143,806.089804428571,6.59083335738785,1.28031052089967e-05,0.000933026292105636,-3.95333470492782
"MT-TL1",-1377.00104119838,2796.27592153844,-6.39312596398498,1.76946070777952e-05,0.00114621732515051,-3.9643874031569
"HSP90AB1",58.6397023257099,232.659624767387,5.76906645318376,5.09087029693374e-05,0.00296797738311237,-4.00397621631069
"SQSTM1",40.5499029145468,164.94528077271,5.64033847465696,6.37352303056343e-05,0.00337796720619862,-4.01312707463737
"MT-TT",-295.091864736212,188.99358718777,-5.39924851586571,9.76809778890228e-05,0.00428528993585337,-4.03126976044732
"APOBEC2",-48.3786382142857,288.088616464286,-5.38206234477145,0.000100730255785325,0.00428528993585337,-4.03261504981173
"G0S2",168.503379534817,149.031471542337,5.36171459878527,0.0001044691797733,0.00428528993585337,-4.03421701068564
"MYL6",154.490188779647,144.438292466417,5.33167125855674,0.000110256173306691,0.00428528993585337,-4.0366006371137
"MT-ND6",-1196.64702165654,2881.07347051572,-5.21102829053231,0.000137074854836314,0.0049946650230982,-4.04639626150772
"MT-TY",-1390.69827713697,1724.66074098694,-5.10222189100198,0.000167092018957483,0.00573027335601251,-4.0555458166151
"HSPB1",314.16360254277,487.976210363622,5.03143719502743,0.000190223224955369,0.00601160847638655,-4.06166296386887
"HLA-E",-75.0720705371788,193.075509094671,-5.01538024392566,0.000195918629590642,0.00601160847638655,-4.06306898855734
"PDK4",154.578203380188,132.071103805092,4.92530234416113,0.000231321866624844,0.00646384748946016,-4.07108472958373
"MT-TD",-163.843200781042,173.794853227241,-4.92178609295336,0.000232831556224123,0.00646384748946016,-4.07140207952907
"CFL1",46.8451989091829,90.7974774738406,4.84956928974636,0.000266203627028919,0.00705439611626637,-4.07799479415033
"SRGN",264.836639852074,202.542928569336,4.80223400553907,0.000290734314720374,0.00719440079698631,-4.08239441645639
"ASB2",37.4647505785235,106.109424549329,4.79231021384423,0.000296167442757584,0.00719440079698631,-4.08332474151951
"H19",126.293103725475,253.586028105617,4.74961830216578,0.000320766525147884,0.00748027536644865,-4.08735864473134
"AMPD1",-47.5024936428571,314.034464178571,-4.66426829927384,0.000376487346604586,0.00844200473347977,-4.09557893255635
"HSPB7",115.038435857143,404.300972571429,4.59507961859778,0.000428956725689613,0.00926228781766832,-4.10239719729785
"LYZ",149.839810764217,165.094163186951,4.56555646073631,0.000453591460381807,0.00944442219294976,-4.10534924447666
"XIRP1",37.8742698571429,51.1038250714286,4.54091459466335,0.000475269003793049,0.00955454583487404,-4.10783290666785
"MNDA",74.1019901431825,124.104929577203,4.50085018619115,0.000512821764645088,0.00996583629293622,-4.11190950865789
"UBC",-76.6010914352318,244.806888593386,-4.20138666718224,0.000910265238600457,0.0171188591646473,-4.14392269827931
"HSPB8",62.4282332142857,186.40692825,4.08345153723184,0.00114379347910799,0.0208384874474987,-4.15729412068429
"MT-CO1",-3323.13613156281,20097.9598029994,-4.05258381269717,0.00121448891513968,0.0214559708341343,-4.16086645293565
"ATP1A2",34.6128303007522,198.677682730907,4.00925325988354,0.00132133593433421,0.022657024991672,-4.16593218750494
"H3F3B",78.0202405738773,141.841800791469,3.87036943749368,0.00173304725569406,0.0274768368617232,-4.18257271950034
"MT-TC",-435.468976333209,1556.81005492069,-3.86769573357193,0.0017421440569057,0.0274768368617232,-4.18289912664807
"MT-CO2",-3754.60573242056,14323.1351380852,-3.86720675324064,0.00174381297407163,0.0274768368617232,-4.18295884638471
"JSRP1",28.4410515368145,79.5830176401426,3.83702661235255,0.00185003194256261,0.0283833848030001,-4.18665960680479
"HSP90AA1",32.8459662504821,102.911321145769,3.79668724344151,0.00200236167794705,0.029932739954952,-4.19165167925567
"PNRC1",33.455552082703,77.830981115469,3.73720823123895,0.00225054540964192,0.0328016993455309,-4.199107361955
"TAGLN2",84.8920953411616,100.392068929247,3.71507456999383,0.00235067976915373,0.0334255196443078,-4.20191069582224
"EIF4G2",21.6709233626003,113.137500182591,3.66408318465372,0.00259890370237309,0.0360752585353217,-4.20842849238095
"VDAC3",-30.8135328847509,196.689437192774,-3.60583020938317,0.00291514730464075,0.0395239739210594,-4.21597569592259
"SYNPO2",30.4118201009709,168.177156677123,3.58295248969058,0.00304974212966117,0.0404090832180105,-4.21896911579207
"FCGR3B",94.2474101238521,220.00066970134,3.57118089865354,0.00312142535076297,0.0404397995443292,-4.22051580081267
"MT-TE",-234.136015681303,742.905100290938,-3.50057093513962,0.00358854879889314,0.04548095542945,-4.22988473594196
"NEXN",70.3490615822283,145.230887037579,3.4463953371444,0.00399420903413201,0.0495451886574247,-4.23717851790801
"MT-RNR1",4603.68661684344,5780.24779785392,3.41967527669698,0.00421096568931421,0.0511456874347955,-4.24080930100684
"FLNC",134.138218774715,287.579947910825,3.38935704181376,0.00447126028819053,0.053198872408471,-4.24495551972324
"C8orf22",-117.208985142857,246.6040575,-3.34525570242486,0.00487898687483202,0.0568889869605414,-4.2510365601848
"MT-TF",-334.611665967097,188.172911780331,-3.33287647430088,0.00499999431368585,0.0571567977427226,-4.25275405193625
"GLTSCR2",25.8610707015373,84.8071674503303,3.31551776510825,0.00517475593942446,0.058016975243932,-4.25517012666898
"MALAT1",292.745651705461,404.851122164924,3.26623831516345,0.00570490883270432,0.0627539971597475,-4.26207786480229
"MYLK2",23.1182141428571,134.397507357143,3.25486092994994,0.00583482809526761,0.0629945329544633,-4.26368284710337
"MT-ND2",-2003.23115922935,6387.95270327306,-3.23223984038193,0.0061019820965474,0.0646810102234025,-4.26688516214707
"PFN1",91.1665778113141,105.690018052113,3.20478682174924,0.00644264541953678,0.0670725407069633,-4.2707913760207
"MCL1",26.8794681418416,88.2835374522141,3.17986756625577,0.0067682506033959,0.0692261421364879,-4.27435574306506
"S100A9",740.51233865878,1752.09692809089,3.15528670847232,0.00710548086374365,0.0714223335096991,-4.27788892290791
"GNAS",-35.5442143599611,500.657600045065,-3.1347672069973,0.00739975580699154,0.0731196209402724,-4.28085128731994
"CD74",-114.937455798638,253.616729514766,-3.07662078169971,0.00830104612566885,0.080658498187749,-4.2893086957743
"ANKRD1",27.0721129285714,25.5382103928571,3.01190574811693,0.00943253778863776,0.0901503201766527,-4.29882796705623
"CDC37",14.3187910641876,93.7279416300943,2.98156819748909,0.0100142285276806,0.0941660521231897,-4.3033278684374
"CSF3R",185.580001529018,148.094732141731,2.92586096410008,0.0111759870402197,0.103422229276954,-4.31165077159571
"MT-ND5",-806.541335800421,4264.6146374037,-2.90270932331522,0.0116969739383,0.106552121969202,-4.31513192256344
"MT-TP",-144.274202867635,310.048969110265,-2.88223122238988,0.012177652604558,0.107260214281613,-4.3182216295261
"GOT2",-17.7555599811988,162.744460306906,-2.8787367743161,0.0122615934556478,0.107260214281613,-4.31874984271425
"UQCRC1",-38.8777881773175,182.865950407581,-2.87604478416656,0.0123266455520893,0.107260214281613,-4.31915695047824
"ATP6V0C",40.9961599783321,75.0271708429093,2.8638817890979,0.0126248140719831,0.108239214764208,-4.32099842647503
"S100A1",-93.8172166428571,284.585860392857,-2.84474589415133,0.0131083013923593,0.110755647996312,-4.32390240027077
"RMRP",-76.3638291239058,343.835362656992,-2.82908987984427,0.0135173275875817,0.112580028336574,-4.3262843717508
"RTN2",-22.0352050488165,94.7278096388666,-2.81523045474237,0.0138898302259888,0.114053112982415,-4.32839749696419
"FBP2",-29.7782560714286,210.238656678571,-2.74617966501324,0.0159005255780922,0.128750089055941,-4.33898616102547
"EIF4A2",20.0190879344414,171.787036777431,2.7365921143134,0.0162012627014158,0.129388166505828,-4.34046405803402
"MRFAP1",11.034631814776,83.9818327558484,2.7258368388053,0.0165452259797775,0.130349550624463,-4.34212410075942
"CIRBP",-20.8151787248093,104.447597721198,-2.67049405674608,0.0184305717017312,0.143266977361457,-4.35070064690818
"S100A8",399.399506857636,1858.44559112369,2.66077285661076,0.0187826186817536,0.14408245646661,-4.35221290235795
"IFITM3",286.523924557635,161.645104835981,2.6460248656068,0.019329190841103,0.146349587796923,-4.3545102767542
"EEF1G",-82.3666114480823,510.433868201513,-2.63104561290416,0.0199000986127341,0.14843323568081,-4.35684745944691
"SNHG3",62.1467425548047,120.773755384375,2.62555067278437,0.0201135945433687,0.14843323568081,-4.35770575946532
"MT-TS1",-814.873754004769,1765.56912428437,-2.60057515294432,0.0211122174001231,0.153855284303397,-4.36161303937748
"YBX3",194.913736009386,1260.76070102325,2.56574799866721,0.0225850501370658,0.16255659543098,-4.36707764722872
"ADSSL1",-36.1266703180656,252.642657975371,-2.55742383399781,0.0229514814890838,0.163179435465071,-4.3683864045314
"COQ10A",-11.0167760657706,86.738433126158,-2.54951904328219,0.0233047491713866,0.163694804420704,-4.36963013287745
"MT-ND1",-3535.53745577587,10810.0274667232,-2.52568727473783,0.0244017563021229,0.169359808620686,-4.37338496015892
"MT-TI",69.0904136551144,144.328263451833,2.49996452782064,0.025641465449616,0.175870286554425,-4.37744600802717
"HSPA8",39.3052717815359,317.140621464601,2.48611417429937,0.0263337920113946,0.176790219816448,-4.37963602522141
"NMRK2",24.9751482857143,84.7797409285714,2.48516133528626,0.0263820739691783,0.176790219816448,-4.37978677094545
"GSN",38.9537753564943,107.368274876211,2.47465144557286,0.026920286444838,0.177630081063689,-4.38145019714746
"MT-ATP6",-2578.62618363892,15467.0350084616,-2.46782363317171,0.0272755571798249,0.177630081063689,-4.38253151534631
"MT-TV",-79.9232134958664,167.550037456444,-2.46504433913604,0.0274214533374477,0.177630081063689,-4.38297181742521
"MT-TS2",-70.7732704945903,162.820252422953,-2.44841565589811,0.0283100771778471,0.181371153787746,-4.38560788563551
"S100A4",-114.876668563508,71.0378646028514,-2.42740382585448,0.0294723330545053,0.186764893160615,-4.38894279004137
"WI2-1896O14.1",95.3378392857143,107.353445285714,2.41496887111845,0.0301814676471545,0.188863930065366,-4.39091837671645
"ENO3",-469.908205613081,3124.79384361738,-2.40744741878528,0.0306182613831976,0.188863930065366,-4.39211400611297
"HFE2",-13.7565029285714,153.84721725,-2.40476608275718,0.0307754259969293,0.188863930065366,-4.39254035592812
"NDUFS7",14.5188531115654,91.4885514423707,2.39907919812573,0.0311113053442968,0.188936364747136,-4.39344480718931
"SYPL2",-14.262818,117.969129571429,-2.37960701316376,0.0322879935211851,0.1940608270397,-4.396543657998
"HHATL",29.2141572672849,121.596110033626,2.35127356581449,0.0340759467388372,0.202717111721858,-4.40105763917082
"MT-TL2",-84.7520448486183,190.900781496394,-2.29561961956237,0.0378645796286347,0.222980302257515,-4.40993779069214
"TPI1",-87.713568380773,458.661482526565,-2.25819050644481,0.0406325900299248,0.235002964903425,-4.41591698486256
"PKM",-71.908462949712,603.791887553329,-2.24622946497918,0.0415565714891171,0.235002964903425,-4.4178284421262
"SLN",-257.174011357143,2419.40376925,-2.24317297094332,0.0417958310188537,0.235002964903425,-4.41831692781057
"NDUFS2",18.8993435690734,120.655491864756,2.24095918542857,0.0419699313713266,0.235002964903425,-4.41867074045671
"YWHAG",10.6534712593642,83.4393780569172,2.23821129725467,0.0421869828343408,0.235002964903425,-4.41910992290078
"FTL",1044.72191774129,1712.77197824824,2.23647441935127,0.0423247192364659,0.235002964903425,-4.41938752444881
"CTSD",19.8614250000855,80.9506701050345,2.21954228735507,0.0436897413676507,0.235134243633278,-4.42209387059043
"MEF2C",-14.1117950657953,92.0156468725369,-2.21804875686253,0.0438121060187659,0.235134243633278,-4.42233259483382
"YPEL3",-19.662933446309,98.9672982006023,-2.21718533565059,0.0438829923508337,0.235134243633278,-4.42247060323374
"RPL7A",-72.4415688536037,403.2609433369,-2.21622898089392,0.0439616338868393,0.235134243633278,-4.42262346609541
"S100A11",148.497809709229,216.887934843645,2.19782129454608,0.0455012628659154,0.241156693189351,-4.42556568615311
"MT-CO3",-3070.86319693052,17343.1806520497,-2.17047029673406,0.0478822529938545,0.251362632379691,-4.42993672476112
"CAPN3",-55.8643962642285,224.681292804644,-2.16592285158068,0.0482892192564758,0.251362632379691,-4.43066332847137
"SBDS",10.9594212241526,79.8872956955234,2.1300556537866,0.0516138311551636,0.266290827995224,-4.43639209670561
"IGFBP5",-15.3051644285714,81.6422358571429,-2.09982195063194,0.0545801114540786,0.278336249894199,-4.44121682314012
"CALM1",17.512506113056,92.5318058529028,2.09661964845433,0.0549033769088043,0.278336249894199,-4.44172755679121
"RPL34",89.1253202749511,269.439204719851,2.0823235754804,0.0563682521775257,0.282383872994741,-4.44400683877978
"DUSP13",-17.744361691124,118.765557628512,-2.07941646471742,0.0566705199663545,0.282383872994741,-4.44447016390499
"BIN1",52.4059411300457,415.505680945154,2.06791586272445,0.0578810296433778,0.285971527814316,-4.44630249105304
"MT-ND4",-2991.07371443999,13017.3703468768,-2.06120694872048,0.0585981561166093,0.287081722823388,-4.44737092018589
"RPL4",-27.4178870321706,270.097856434576,-2.04075103391915,0.0608355590713249,0.292733667930915,-4.45062631644208
"MACROD1",11.3090472179794,92.8439439013539,2.0367948420551,0.0612772422047273,0.292733667930915,-4.45125548278041
"MYL1",-484.326939285714,5825.11385671429,-2.02579553885491,0.0625207746391775,0.292733667930915,-4.45300395106481
"ARHGDIB",-28.8127460678433,113.117757225281,-2.02092760438031,0.0630784829209867,0.292733667930915,-4.45377738210007
"RPL27",-87.3566869014213,488.455460156723,-2.01962747047687,0.0632282067633449,0.292733667930915,-4.45398390980393
"ATF4",14.3443835958192,131.806659612757,2.01923472855513,0.0632734991216019,0.292733667930915,-4.45404629383335
"MYOZ1",-92.7349765714284,1398.31991578571,-2.0168897918988,0.0635445451523435,0.292733667930915,-4.45441873532541
"PABPC4",-10.6660700639293,119.522249713993,-2.01495709979939,0.0637687406985012,0.292733667930915,-4.45472565717222
"ACTA1",1841.79523097742,21167.4399485412,2.00679647581184,0.0647234031764463,0.293694755852121,-4.45602116285549
"RPLP0",-74.9397748789654,450.266819810627,-2.00457420283854,0.064985632083917,0.293694755852121,-4.45637382308239
"PFDN5",-36.6057657961824,155.010387963255,-1.98870446829594,0.0668867138528308,0.299961185970772,-4.45889058811108
"PSMA7",17.7812906424385,122.679051757062,1.97997969922204,0.0679534055062224,0.302418590917005,-4.46027294494737
"AES",-19.0207997636873,215.779700163577,-1.96762038593372,0.0694910449497491,0.306918781861392,-4.46222949330725
"NRAP",-73.3909780714285,759.102386535715,-1.94649496935993,0.0721928638931798,0.31645443345657,-4.46556894252811
"ALDOA",-645.302621287149,4407.030975147,-1.92528595235269,0.0750010981895614,0.325241519290738,-4.46891499445685
"MT-ND3",-1989.85482784767,8971.45768323986,-1.9229733781992,0.075313216302315,0.325241519290738,-4.46927941378962
"RPL38",-62.1014095069987,344.382826949274,-1.91696127882804,0.0761301580203905,0.326352074455056,-4.47022640427417
"CS",-8.23797328848873,125.207515800079,-1.87734556818684,0.0817166792444578,0.347743240872401,-4.47645087090649
"MT-CYB",-1802.84409132616,9037.64707507815,-1.86974904117272,0.0828292318427013,0.349923493944166,-4.47764115872364
"CD36",-13.0987761251348,96.4751210647728,-1.85771610605565,0.0846194246068388,0.354914565077604,-4.47952426814314
"ANKRD2",41.4158175005001,111.292301362254,1.82832653007416,0.0891386868956081,0.371198960429568,-4.4841110736625
"MRPS24",26.6509541967307,93.0569532056315,1.8090801406265,0.0922140409999005,0.381282169524411,-4.4871045766451
"OPTN",-8.30066912736372,147.885775128479,-1.77669664277584,0.097602446083052,0.400719901876192,-4.49212155778628
"DCN",-62.7453061415525,111.821680562304,-1.75649389413906,0.101103965286844,0.412193089246362,-4.49523801377294
"RPL10A",-46.2831101763002,245.685942826649,-1.74940259230956,0.10235912311718,0.414412283175805,-4.49632933403188
"ACAT1",10.68551137276,127.155556267932,1.73450220317439,0.105041412485306,0.421910231694586,-4.49861791942575
"HNRNPA2B1",20.3403184099821,156.951250723312,1.7311218604879,0.105658479978404,0.421910231694586,-4.49913624405131
"NDUFB1",-27.7455116198437,132.867325073404,-1.7042641019743,0.110675667012261,0.433213482055712,-4.50324262236226
"TRDN",54.1733647142858,394.677649928571,1.70405580414111,0.110715381791782,0.433213482055712,-4.50327438549003
"CTDNEP1",-10.5907147604713,110.03219914769,-1.70033965166854,0.111426018967236,0.433213482055712,-4.50384083467638
"S100A6",62.6992177470271,143.876685717671,1.70015494269114,0.111461444782773,0.433213482055712,-4.50386897860957
"PPDPF",25.8347597131421,117.265068347469,1.6843741951407,0.114524727456546,0.441619828321066,-4.50626955099948
"CD63",40.6469486108372,158.163171127493,1.68072287872045,0.115243900758358,0.441619828321066,-4.50682386876635
"NDUFB9",-39.3038266357761,332.672608972266,-1.67742524066276,0.115896798856129,0.441619828321066,-4.50732412516733
"CHCHD2",25.7907489874655,232.162169827371,1.66448030142662,0.118491060749714,0.448573301409633,-4.50928446201838
"AAMDC",-23.3734443570827,101.377278029352,-1.65624393698331,0.120167890809827,0.449500538286725,-4.51052885322656
"RPL41",-78.8199632074245,248.346320472102,-1.65570651724084,0.120278017105882,0.449500538286725,-4.51060996982901
"CSRP3",-68.5488239285713,567.577111392857,-1.64737794251213,0.121995927814927,0.449601541645015,-4.51186580172971
"GAPDH",-509.503603655487,4257.78559720551,-1.64652548517374,0.122172957854293,0.449601541645015,-4.51199420591604
"SH3BGR",12.9625125976851,158.427958988747,1.64288597981687,0.122931284973388,0.449601541645015,-4.5125421351511
"PARK7",-10.271999086514,126.517844385014,-1.64069488051245,0.123389788444601,0.449601541645015,-4.51287178384571
"TPT1",-385.485822266122,4470.41512722286,-1.63455199857037,0.124683143572358,0.451492377035307,-4.51379507602553
"HLA-A",-47.0820118469868,225.351244358263,-1.62243679222463,0.127268378525984,0.458009041238572,-4.51561208989058
"EIF1",19.2159237003976,259.446595709707,1.59597535556168,0.133076325643314,0.473563881532442,-4.51956201344813
"OBSCN",12.2635510711087,101.768949008575,1.59535478780374,0.133215225679795,0.473563881532442,-4.51965433021671
"PEBP4",-12.9478372857143,170.112078857143,-1.58665560653247,0.135175491704111,0.475074275045996,-4.52094687656859
"IL32",17.0936309026515,104.043476729764,1.58194321030218,0.136247679439474,0.475074275045996,-4.52164582991003
"GNB2L1",-50.515417348975,352.985889837599,-1.5795629385111,0.136792016717863,0.475074275045996,-4.52199854639006
"PHB2",-11.0557739690626,94.9857582465412,-1.57909337515164,0.136899619567285,0.475074275045996,-4.52206810148023
"RHOA",10.2197428353502,89.1844284207737,1.57373886795233,0.138131768534924,0.476513734058348,-4.52286063231136
"CRYAB",74.9502956428573,918.993262178571,1.54336151070182,0.145302946956103,0.498303635737696,-4.52733488033165
"GPI",-9.05943242767749,95.462705563346,-1.52772471689753,0.14911625270606,0.508258202622996,-4.5296229930341
"PTP4A3",23.0029644472953,195.234035249109,1.52435417265453,0.149949246742977,0.508258202622996,-4.53011482465361
"PHYH",-4.83698393830782,105.720518489558,-1.51490122924655,0.152306492990652,0.512287621943842,-4.53149155684839
"SNORD17",-83.2592831231048,330.531722716534,-1.5106235151174,0.153383465698398,0.512287621943842,-4.53211327084411
"FHL1",-115.834643819539,2647.03305948133,-1.5065709981095,0.15440966803595,0.512287621943842,-4.5327015034923
"MT-TQ",-54.9088212880865,111.72476354738,-1.50561392809454,0.154652867001915,0.512287621943842,-4.53284031720824
"SGCA",-12.4092428301965,134.431535545476,-1.48312142964523,0.160462012154962,0.528527418566909,-4.53609064881817
"SLC25A39",108.728471508776,156.266761115262,1.46469078099496,0.165357665162684,0.540691764228856,-4.53873647490936
"MT1X",32.8505221878266,94.4539510680736,1.46028745385983,0.166545614059562,0.540691764228856,-4.53936620253665
"LRRC39",-8.95018543376804,113.472025423672,-1.45884090286916,0.166937422918,0.540691764228856,-4.53957287215884
"UQCRC2",-6.09129483552726,146.532676837236,-1.43844142948061,0.172545112230373,0.555766853206118,-4.54247645506531
"HCFC1R1",21.8077837126484,123.32180549599,1.42325294635658,0.176821244198763,0.56641090861472,-4.54462484779371
"RNU2-2P",-11.6901858701642,1283.57478053876,-1.41444082814684,0.179342155524874,0.569907681298174,-4.5458659181784
"RPL27A",-82.460370118545,217.51691020688,-1.41261577889341,0.179867947442305,0.569907681298174,-4.54612245080084
"EIF3L",-20.6167693365648,114.495842605645,-1.40779121315492,0.181264022074745,0.57109416624681,-4.54679976653628
"ECH1",-15.4597001149176,184.178086268503,-1.40313254566365,0.182620557651557,0.57109416624681,-4.54745263571662
"ATPIF1",13.1867892075376,108.420646791877,1.39938071478839,0.183719103912979,0.57109416624681,-4.54797758891711
"RP11-451G4.2",62.2267977857143,345.57989175,1.39735939845097,0.184313201014235,0.57109416624681,-4.54826010094281
"GPD1",-11.9524055029373,97.1522979791095,-1.39455421970937,0.18514030432358,0.57109416624681,-4.54865181061556
"H3F3A",15.315458365008,97.4450925309656,1.38388349732571,0.188314453712412,0.577828034285979,-4.55013799786458
"EVI2B",-29.3373192936254,130.361670774384,-1.37847675141936,0.189939710158656,0.579763617918828,-4.55088868436206
"IFITM2",279.959517549674,609.77384648081,1.37358651644568,0.191419573660761,0.581237559605332,-4.55156628263357
"PADI2",-7.28871268078261,84.252521033405,-1.36703102786317,0.193418137139913,0.584263077474452,-4.55247255651548
"CHCHD3",-7.32270885981494,131.840323529329,-1.36019288472875,0.195520980268997,0.584567345281117,-4.55341536492837
"RAD23A",-14.1767233707658,227.701396784402,-1.36018232889671,0.195524240702947,0.584567345281117,-4.55341681829423
"MTND4P12",-9.78159037732724,141.948722709635,-1.35276676899606,0.197825683282472,0.588430476294291,-4.55443627213896
"EEF1A1",82.5237703418704,278.175765240628,1.34151586098806,0.201359425277561,0.591058923582809,-4.55597703696515
"RPL13AP5",-29.764465825276,125.521720598879,-1.34060341985638,0.201648238505479,0.591058923582809,-4.55610167454777
"FEM1A",-9.58903501316077,148.689887542628,-1.33932142649622,0.202054592208803,0.591058923582809,-4.55627671125596
"PCBP2",7.37047103355856,133.861432320675,1.33677487753694,0.202863738902712,0.591058923582809,-4.55662412267707
"ZFP36",69.2803266592814,146.703999262722,1.32918065748606,0.205292319513047,0.591058923582809,-4.5576579275707
"TMSB10",60.8657908744549,203.798693064058,1.32749502997417,0.205834543937982,0.591058923582809,-4.5578869371068
"RPL12",-42.2261998303528,363.815727034475,-1.32509067395439,0.206609964900976,0.591058923582809,-4.55821330516707
"PRDX5",-14.8171575285035,102.009676232531,-1.32444087897196,0.206819932094156,0.591058923582809,-4.55830145030182
"RPS20",-57.8901058430844,335.939683805377,-1.31526295889021,0.209803988189955,0.591780103321152,-4.5595437799281
"HBB",555.349754874506,19.8996831576532,1.31215371698298,0.210822729226522,0.591780103321152,-4.55996351536266
"MYOM1",20.496218202113,198.108030075659,1.31096715135823,0.211212553141967,0.591780103321152,-4.56012354490465
"RPL32",-41.1258246304939,236.679621324641,-1.30677191355387,0.212595463892808,0.591780103321152,-4.56068867112618
"EIF4B",-7.91461695374309,82.1074505002495,-1.30335002942257,0.21372881913284,0.591780103321152,-4.56114883762089
"NDUFAB1",10.285009835388,112.802835970632,1.30325696084352,0.213759711713854,0.591780103321152,-4.56116134338171
"CYC1",-19.6897641064897,177.245212745217,-1.29978748957357,0.214913900771274,0.591780103321152,-4.56162716722207
"GYG1",-6.93866143253147,103.146787921296,-1.29895146820947,0.215192764844055,0.591780103321152,-4.56173930534962
"PPP1R3C",-32.5528200714285,257.718813035714,-1.29557280066809,0.216322707858833,0.592094547801407,-4.56219206325484
"CST3",-41.0889215215003,125.958626697535,-1.28682474359402,0.219270408319183,0.594832536940745,-4.56336110035178
"OST4",-20.7836023701608,104.254326222281,-1.28654962384095,0.219363628545901,0.594832536940745,-4.56339778934266
"RPS3",-27.0823285202976,216.272316778118,-1.28167117898018,0.221021870863837,0.596554401451932,-4.56404758371745
"PRDX2",-17.5011281805731,172.614759078694,-1.276513942888,0.22278571657028,0.598544114103563,-4.56473290441171
"RPS5",-52.5964188991477,295.984153591388,-1.27320394403979,0.223923667036574,0.59884173340515,-4.56517187896938
"UBA52",-151.028298354531,411.162387535539,-1.2633033013073,0.227354993792392,0.602231038583016,-4.56648079261863
"PDLIM5",24.8019945222535,285.28411835166,1.26152972717722,0.22797404922401,0.602231038583016,-4.56671461205612
"RPS3A",-29.2610766040135,285.67170043541,-1.2606260585727,0.228289982035757,0.602231038583016,-4.56683367033314
"PCBP1",13.3372845250715,179.300907876602,1.25350529149707,0.230791615011156,0.606087889871639,-4.56777000451408
"MB",-492.392927071429,6951.39850717857,-1.25030579700352,0.231922671538308,0.606326984335578,-4.56818965682207
"ATP5C1",-12.2515652348868,162.848854693006,-1.20544139145132,0.248246273593584,0.643663816539163,-4.5740033784245
"FITM1",-9.15834428951493,95.002619808939,-1.2049971311474,0.248412279110312,0.643663816539163,-4.57406027411532
"HADHA",-3.95193361950446,85.2008343937445,-1.19737950099226,0.25127217444014,0.645845535544319,-4.57503375461425
"ACO2",-10.7104581406323,151.432339826942,-1.19685539769408,0.251469874045558,0.645845535544319,-4.57510058521737
"C20orf166",-10.1670276428571,75.8743746071429,-1.1898414567729,0.254127250029557,0.64605982369953,-4.57599314055088
"MTND2P28",-33.3193304494138,123.456098196444,-1.18885814449593,0.254501527670792,0.64605982369953,-4.57611799962856
"ADIPOR1",-17.7292369037618,86.1284268321603,-1.18787070851196,0.254877803517825,0.64605982369953,-4.57624331483836
"RPS9",-39.0016734734059,305.872233788609,-1.18200378902851,0.257122340523517,0.648927811797448,-4.57698648512519
"COX7A1",-44.1690552142857,356.513078392857,-1.17891378827046,0.25831061038341,0.649116749368655,-4.57737693328397
"MDH2",-11.6367396901014,193.477788958626,-1.16833339823344,0.262411373370047,0.654666760274814,-4.57870877036649
"SMYD1",-9.05441378571428,155.911325107143,-1.16595914749224,0.263338418506521,0.654666760274814,-4.57900654804387
"UQCRFS1",-6.96576682744503,128.499957428249,-1.16455470870378,0.26388797369568,0.654666760274814,-4.57918250354604
"UQCRB",-25.4921072880095,141.178610655281,-1.16106027838231,0.265259153175304,0.655280026700009,-4.57961969388362
"PYGM",-63.0655063288108,1488.56733977535,-1.15349711029531,0.268245526074372,0.656322589252783,-4.58056293136519
"CFL2",11.8745413793872,153.649853261867,1.15034746068088,0.2694967326899,0.656322589252783,-4.58095452402732
"PDLIM7",13.8651293438358,130.001904688335,1.15003796598094,0.26961992000805,0.656322589252783,-4.58099296449006
"RPS4X",-30.729293672558,253.357794889095,-1.1469803683325,0.270839234542989,0.656322589252783,-4.58137235723931
"PGM1",-16.2597077974928,300.034919731031,-1.14097969014358,0.273244394081151,0.656322589252783,-4.58211495762437
"TMOD4",16.6698476188192,139.778945611238,1.14055611610388,0.273414780162166,0.656322589252783,-4.58216727683806
"PSAP",16.0662180793957,211.379531328965,1.14019138837169,0.273561559499874,0.656322589252783,-4.58221231693598
"RPS2",-61.6538257794876,401.172360165512,-1.13122898867125,0.277187169182275,0.662295572267484,-4.5833160141285
"NDUFV2",-12.9137536891496,178.952163136352,-1.12425459703874,0.280033638687393,0.666365760631633,-4.58417079254675
"SRP14",-8.35058644299276,102.403810075905,-1.11714917573058,0.282956223704912,0.670583245609608,-4.58503790940097
"MAP4",6.44736709724314,124.26823253247,1.10807081942181,0.28672364958013,0.676760678968486,-4.58614028756847
"ACTN2",26.5819572857144,954.979101928571,1.09704011404974,0.291351769279456,0.684462883790821,-4.58747134518029
"FXR1",11.2404062728526,132.665117183714,1.09471376299988,0.292334919492134,0.684462883790821,-4.58775087758652
"RPL6",-25.575293461222,253.958400091589,-1.08702564162981,0.295601639561022,0.688593410973118,-4.58867171975617
"RPL37A",-120.747480958508,339.761390512037,-1.08444199745419,0.296705519180612,0.688593410973118,-4.5889801516557
"TRIM54",-8.34367592857141,159.267829392857,-1.08225473370395,0.297642434931777,0.688593410973118,-4.58924086020066
"RPS6",-28.7451490370342,321.353645204752,-1.07652065926881,0.300109053108053,0.688751919590634,-4.58992256241736
"RPS7",-23.050167001184,168.976197546969,-1.07400444192648,0.301196219425638,0.688751919590634,-4.59022089662575
"LDHA",-22.4675159572661,274.508793079439,-1.07306790363519,0.301601607147148,0.688751919590634,-4.59033181044317
"NDUFV1",-9.91492654591654,140.390340093473,-1.06986480955299,0.302991141251528,0.688751919590634,-4.59071063188716
"EIF3K",-18.5566399795699,207.919663507071,-1.06842355370392,0.3036179130957,0.688751919590634,-4.59088082262675
"NDUFC1",5.03660003653773,83.9521194467326,1.05997163944753,0.307312741149484,0.689264067880913,-4.59187557078126
"CASQ1",-45.4272393062957,814.724475265737,-1.05928639512458,0.307613745811505,0.689264067880913,-4.59195597294375
"CALM3",-7.26942553159941,83.4558958282375,-1.05795446441722,0.308199438172036,0.689264067880913,-4.59211214648993
"RN7SL2",-204.561059377524,68.1821382895075,-1.05710644877094,0.308572764523016,0.689264067880913,-4.59221150585774
"SAT1",-48.2579440388506,91.529388903208,-1.04196794779158,0.315293224602182,0.699820860511604,-4.59397556954149
"TCEA3",-10.3351572553934,162.651241952356,-1.04106006933768,0.315699633472645,0.699820860511604,-4.59408077799639
"NDRG2",-7.6359319019119,312.774047488347,-1.03644799366204,0.317770117476137,0.701742342759803,-4.59461421400985
"FIS1",-10.7065729515695,113.142717377461,-1.03050861285605,0.320451007094044,0.704992215606897,-4.59529862477915
"MDH1",-16.9837719407652,202.077563783282,-1.0242074204318,0.323313128241755,0.708614863777982,-4.59602158270385
"CORO6",8.93541243964958,103.854492421364,1.01764344938423,0.326314249969283,0.71112328520164,-4.59677122641077
"SYNM",8.05261982429544,128.961306555214,1.01637360383537,0.326897153403156,0.71112328520164,-4.59691584037168
"RPS19",-17.9840381063822,101.185254291075,-1.01062581686989,0.329544985081194,0.714218313391584,-4.59756874772903
"ATP2A1",100.442059699286,1412.77019795195,1.00378385238637,0.332716953212568,0.718422161936768,-4.59834236769204
"RP11-543P15.1",-75.7161400669157,84.1682935213875,-0.996505585610244,0.336115176253439,0.723081726035996,-4.59916102574581
"PRDX6",6.88634286651817,124.580778616504,0.993187375806359,0.337672660468164,0.72376162151816,-4.59953278038162
"CKM",-729.670922500258,12237.3604247244,-0.985162226296712,0.34146074073328,0.72658021682453,-4.60042803061439
"MAF1",-5.87745246181707,93.8764703887616,-0.985121082835505,0.341480239125079,0.72658021682453,-4.60043260633259
"IDH2",-11.1921229832109,230.214412576009,-0.981569072371225,0.343166566147692,0.727513120233108,-4.60082709597578
"TUBA4A",8.53537717637446,88.418904981714,0.978523182340853,0.344617313254894,0.727941643578271,-4.60116451917486
"MT-TH",-31.5314405454989,111.22446565496,-0.975265230201121,0.346173871736406,0.728589773365793,-4.60152455704535
"TNNI1",79.0045887142857,717.631006571429,0.971030906088383,0.348204341045779,0.730227089315429,-4.60199113457777
"RPL36AL",8.58993910500709,81.0505343562599,0.967567639434456,0.349871311469822,0.731093098877799,-4.60237160359872
"RPS8",-49.5086043822562,418.964642646771,-0.963312045522396,0.351927347071124,0.732763011937375,-4.60283769931284
"RN7SL4P",-6.92257698268096,-38.1198712762976,-0.958730644600621,0.354150278974718,0.733345495780747,-4.6033377264135
"RBM38",13.8483386234604,81.3370925237633,0.952387962619334,0.357244038724181,0.733345495780747,-4.60402697208575
"MYBPC1",123.911268495002,2525.15619485403,0.951237214515745,0.357807358794948,0.733345495780747,-4.60415164520946
"RN7SL431P",11.3619118610336,84.1909143354643,0.95009942088104,0.35836494783379,0.733345495780747,-4.60427480095501
"RRAD",27.7079146365927,67.476335047274,0.949483599082077,0.358666991692009,0.733345495780747,-4.6043414107599
"AGL",-7.66753645577919,85.3837006926813,-0.947269545025578,0.359754394156593,0.733345495780747,-4.60458061735978
"DUSP26",6.09288464285714,111.591991892857,0.939938477286866,0.363371357283907,0.738137635179504,-4.60536959165303
"SCN1B",4.9151614192952,93.3765371271835,0.931679375378679,0.367476385830141,0.742711759228642,-4.60625275551876
"COX4I1",-32.6728529563434,373.008522412308,-0.92646573235597,0.370084200825297,0.742711759228642,-4.60680714211406
"CHCHD10",-36.5748880195262,254.313259361544,-0.922762945045714,0.371944042617253,0.742711759228642,-4.60719940042893
"NDUFS3",-8.67491167915857,109.151794646897,-0.922392906795572,0.372130259419066,0.742711759228642,-4.60723853336575
"EEF1A2",44.3570181438666,788.989327966895,0.922285004991475,0.372184571652057,0.742711759228642,-4.60724994207782
"RBM24",9.50972628571431,185.5323705,0.920137201447744,0.373266801807877,0.742711759228642,-4.60747681728061
"EEF1B2",-14.555163477949,217.856234858316,-0.91683956668653,0.374932616592785,0.743488828141475,-4.6078243446277
"XIRP2",36.2874280867421,277.894938560267,0.907994460573345,0.379425939415675,0.749848551455385,-4.60875166331534
"COX6A2",82.4792416428572,565.758683321429,0.904382602054058,0.381271311996758,0.750949915182804,-4.60912829391427
"RPL15",-14.4009006527923,134.255892568778,-0.901296327363448,0.382852996424705,0.751526252241088,-4.60944917947744
"UBB",-174.772780834324,769.983952633681,-0.89038409098736,0.38848118080259,0.75753447263966,-4.61057677220049
"PSMB6",-4.78264076586337,77.9020587843185,-0.888113356379939,0.389659360783857,0.75753447263966,-4.61081004158313
"RPS14",23.8962774762203,205.827277465472,0.88504711932573,0.39125411912393,0.75753447263966,-4.61112427854712
"ARPC2",-6.84127218291545,113.959318389084,-0.880554488083546,0.393598691340314,0.75753447263966,-4.61158312943177
"RPS11",-108.376747756065,937.810737554104,-0.88041404305658,0.393672137610937,0.75753447263966,-4.61159744357198
"RYR1",8.34948341804765,170.079420073121,0.880341599052021,0.39371002608888,0.75753447263966,-4.6116048263422
"MYH7",201.864170714285,2842.64950992857,0.873758827649972,0.397163077833265,0.758651251123168,-4.61227364505112
"HINT1",12.8613179356376,97.5734349271637,0.872279022351909,0.397942110272026,0.758651251123168,-4.61242344087318
"MT-TG",-47.0007260599478,160.225014899939,-0.871800373688939,0.398194310195008,0.758651251123168,-4.61247184924559
"TNNI2",-240.493023535224,2966.68818506494,-0.866581275101082,0.400951194686087,0.761415460918529,-4.61299829796834
"RPL11",-51.7731442366178,323.230304960446,-0.8622834860851,0.403230959445947,0.7632586018084,-4.61342990137392
"DCAF6",-5.96308190529727,155.154568332678,-0.859591100283976,0.404663525655874,0.763491376884708,-4.61369939993525
"PEBP1",5.46817046355528,136.291293398034,0.855840392932481,0.406664835968251,0.764792256030614,-4.61407369599607
"ATP2A2",58.7948273974733,658.767362201762,0.837094493399949,0.416765438993337,0.779738586268682,-4.6159244514027
"AC016739.2",7.77428196845727,82.8206738666269,0.835762981896095,0.417489090037488,0.779738586268682,-4.61605463673922
"RPL10",-42.1367393125417,483.857589161163,-0.833676584290037,0.418624661238589,0.779738586268682,-4.61625828788705
"GAMT",-24.5848120569092,280.385842921318,-0.830340092206241,0.4204448203024,0.780634809669743,-4.61658309195541
"NDUFA4",-10.0568380370652,165.748078547589,-0.827078538948576,0.422229083206851,0.781458906379664,-4.61689956683941
"RPS10",-32.0441406545171,246.151028998438,-0.816851863566664,0.427855590827246,0.785303297573043,-4.61788522693402
"RP11-466H18.1",-13.6300210808778,86.9266181951478,-0.816837945541931,0.427863281172868,0.785303297573043,-4.61788656147354
"PGAM2",-72.804285325823,746.298239394025,-0.814409548280329,0.429206450639679,0.785303297573043,-4.61811912216193
"CMYA5",-22.6812646153196,351.004656559493,-0.811332124888675,0.430912511155628,0.785303297573043,-4.61841301474596
"GUK1",41.6556140143106,106.272089206052,0.811100202550308,0.431041261103557,0.785303297573043,-4.61843512587548
"ACSL1",5.53658715232559,95.8117624162085,0.804411998633213,0.434764827729217,0.788339621363781,-4.619070511569
"RPL29",-35.1406051212935,400.864457413937,-0.803252820296127,0.435412278008812,0.788339621363781,-4.61918019004972
"C14orf2",-12.0236777828503,125.82926201039,-0.792658644321668,0.441358176519265,0.796213374923081,-4.62017647263052
"RN7SL1",-41.1330333293236,-317.468643021677,-0.788573529040248,0.443664666230642,0.796213374923081,-4.62055768552778
"COX6B1",-16.6101344737093,275.692313868465,-0.788231318630717,0.443858227873073,0.796213374923081,-4.62058954487783
"B2M",-57.9138320932846,772.559659344798,-0.784998024309668,0.445689693469113,0.79704629230826,-4.62088998805784
"PDE4DIP",-24.1661734445535,409.764722546329,-0.781522430579697,0.447663735548669,0.798128311391051,-4.62121178982665
"GYPC",44.6711012206379,240.539675940448,0.778267769449497,0.449517293614142,0.798989579808064,-4.62151204701116
"C1orf43",3.29053485752608,120.312150997493,0.774879879266928,0.451451856828789,0.799989156629739,-4.62182347420266
"MYF6",15.6354752142857,125.541899607143,0.770310760744078,0.454069204518927,0.802188927983437,-4.62224166871544
"RPL18AP3",-12.0301809438395,96.1937709322288,-0.766135968401174,0.456468964941706,0.80308113173115,-4.62262194428175
"HLA-B",-83.4120354221246,468.128896115239,-0.762234384692962,0.458718828400939,0.80308113173115,-4.62297575159063
"PRDX1",5.93473346206835,99.0910278295337,0.760278141742823,0.459849499850596,0.80308113173115,-4.62315257295536
"HBA2",2.35295128571428,1.17647564285714,0.759872420273629,0.460084216120418,0.80308113173115,-4.62318919712105
"TNNC1",-345.624506636473,3848.22820385122,-0.751465337486957,0.464964591791394,0.807208676749123,-4.6239443562027
"RPS27",-100.740802956863,728.10860279924,-0.751030241500776,0.465218036685601,0.807208676749123,-4.62398324364557
"LDB3",-20.847656142857,821.139099214286,-0.743354408692458,0.469703252864823,0.809634536996146,-4.62466612256488
"ATP1B1",8.4105439671937,97.1582705239657,0.742316981449656,0.47031148462449,0.809634536996146,-4.62475795712816
"UQCR11",11.6771388229574,123.905377330266,0.740895535441132,0.471145646772569,0.809634536996146,-4.62488360736684
"NDUFB4",-8.30826137930012,165.886159422015,-0.739150259827962,0.472171085040634,0.809634536996146,-4.62503760080122
"BTF3",9.42824752722106,164.03338814073,0.731536625411793,0.476660438828562,0.81182271350486,-4.62570574080099
"PACSIN3",3.90274450000001,82.4347088928571,0.731471536552257,0.476698929998239,0.81182271350486,-4.62571142710492
"RPS13",-21.9184785638666,343.715063122439,-0.729907042018187,0.477624683931676,0.81182271350486,-4.62584797382161
"ATP5B",-16.1589144969461,634.138595006064,-0.724447510275159,0.480863787163298,0.813287217888322,-4.62632250139198
"HBA1",2.67802564285714,1.33901282142857,0.719708459343548,0.483686187702473,0.813287217888322,-4.62673191518123
"ATP5G3",-19.7054102736118,129.612672575882,-0.718150452915503,0.484616256071126,0.813287217888322,-4.62686600673472
"SLC25A4",10.1058750334465,254.040400921712,0.714872473134581,0.486576594247134,0.813287217888322,-4.62714730893024
"ATP5O",-25.0725363027119,260.797846111708,-0.71469609235892,0.486682210588503,0.813287217888322,-4.62716241359489
"TALDO1",11.5669940065553,93.0338577662541,0.714405364536501,0.486856327689578,0.813287217888322,-4.62718730351757
"COX8A",19.8775361895872,342.955514181944,0.702726871460458,0.493881446193876,0.815606513651324,-4.62817985991565
"LMOD3",5.70809500000001,123.475904785714,0.702627233566474,0.493941641183458,0.815606513651324,-4.62818826698407
"RPS12",-61.056713286117,524.737481507076,-0.70238372307768,0.494088773366601,0.815606513651324,-4.62820880911183
"TTN",-47.4137664533067,456.864374213713,-0.702103948777061,0.494257848780083,0.815606513651324,-4.62823240274272
"PRDX3",-2.7786671978866,101.451925656071,-0.700480483631872,0.495239632645915,0.815606513651324,-4.62836914956888
"HNRNPK",-3.63118736291903,86.4046897445248,-0.697413242707232,0.49709769062306,0.81606773390411,-4.6286267548738
"NDUFA3",-7.43000275883567,100.264854671056,-0.69540044472858,0.498319233739045,0.81606773390411,-4.62879526597712
"RPL28",-33.0879322840892,157.277939099046,-0.687921767310406,0.502873466378801,0.821219134170424,-4.62941765113557
"MGST3",11.0107232834118,134.218239528876,0.68325127744926,0.505729981798158,0.823577037397559,-4.62980334665033
"GHITM",2.53564828361487,104.701215498563,0.679474396647434,0.508046885069062,0.825045498594049,-4.6301135610659
"EIF5A",5.26708368757986,91.1253831380808,0.669328888852851,0.514301124468941,0.826280675125018,-4.630939373876
"RPL3L",7.59651183673234,182.280042935223,0.664956506523879,0.517010165713231,0.826280675125018,-4.63129189479771
"TNNT3",-208.266063952193,3526.1193931435,-0.663853192532305,0.517695053254633,0.826280675125018,-4.63138052649396
"IFITM1",-46.0805536183251,177.559924191343,-0.663251416498607,0.518068828475012,0.826280675125018,-4.63142881370009
"FKBP8",-62.182395597477,211.114670648187,-0.663179176792657,0.518113708438308,0.826280675125018,-4.63143460769568
"NDUFB7",11.5682212895685,177.404143059803,0.662347532503139,0.518630540402114,0.826280675125018,-4.6315012696571
"HDLBP",-3.3684420740337,86.8643999711576,-0.662189925507041,0.518728519889806,0.826280675125018,-4.63151389459647
"MYL6B",16.3609558587309,196.086005963908,0.651713891129632,0.525264924868466,0.834412673564893,-4.6323470972679
"RPL7",-14.0801842612576,221.864637885482,-0.648894515130501,0.527032015488041,0.834944741928065,-4.63256932053368
"MYH1",-127.426910928572,932.546213607143,-0.645073508483928,0.529432267614806,0.836474287315533,-4.63286912518514
"ARF1",3.50420743188633,81.1630196419435,0.638630725026192,0.53349340352735,0.83823896811169,-4.63337106867928
"MYL3",-103.832140214286,1212.74455703571,-0.63698670545404,0.534532489526582,0.83823896811169,-4.63349843112599
"MYLPF",-169.866168009885,3300.68695469467,-0.636464786212658,0.534862600578986,0.83823896811169,-4.6335388030075
"RPL21",-11.8838838363339,102.592998292732,-0.634097407074376,0.536361388687767,0.838334288485169,-4.63372155516064
"GYS1",3.43221280717226,90.6308686906525,0.628684722623157,0.539796967190779,0.841448213562097,-4.63413710457381
"RPL23A",19.3232133295924,180.431312866301,0.624820669691421,0.542257059466841,0.843028975117782,-4.63443180883463
"RPS23",-60.9248245141162,254.100627664326,-0.61823933566863,0.546461404918545,0.845952640333979,-4.63493000185351
"GBAS",4.79250274648681,158.501394831655,0.616745292289652,0.547418337866001,0.845952640333979,-4.63504243767421
"ADCK3",7.18400059537994,277.971241996933,0.615072683079719,0.548490734213112,0.845952640333979,-4.63516802138318
"CNBP",8.16201333008132,310.28236519618,0.61129892959461,0.550914512418006,0.84602451030577,-4.63545023654819
"FXYD1",-18.1092958308756,245.939313710336,-0.609262420256746,0.552224935891978,0.84602451030577,-4.63560188412183
"RP5-857K21.11",-135.004697547515,1455.43848260504,-0.608228616190775,0.552890803475983,0.84602451030577,-4.63567869119735
"YWHAE",-2.97160179673219,150.109386371867,-0.600037621600266,0.558182006499077,0.851885104159586,-4.63628308183183
"FAU",-16.2668689627058,188.701432153953,-0.595900210323054,0.560865054675094,0.853744978787415,-4.6365855525218
"RN7SK",31.2147190318688,2904.0654494846,0.590931787831565,0.564096148946575,0.854300099483382,-4.63694626923927
"EEF1D",-15.6384049795235,214.720442849586,-0.584989700362815,0.567973487453979,0.854300099483382,-4.63737407565238
"AK1",-6.46735856060039,148.066304355578,-0.584058824907054,0.568582185736334,0.854300099483382,-4.63744073896624
"NME1-NME2",6.24452264726054,81.0339531407945,0.58352351616544,0.568932380351789,0.854300099483382,-4.63747903061333
"NDUFB3",4.24068354216753,89.9157429292806,0.583115580743671,0.569199325255134,0.854300099483382,-4.6375081895641
"LGALS1",-15.7726097856589,187.866183404617,-0.581859266043486,0.570021850255636,0.854300099483382,-4.63759787354627
"ANKRD39",5.85859685868132,90.8735730873704,0.579359979857328,0.571660035500827,0.854558463325595,-4.63777576539733
"ANKRD23",17.3458985466873,265.208839953982,0.576227252299662,0.573716926014713,0.855439815515544,-4.63799775845578
"TPM1",-143.729677974684,2919.50531256848,-0.569299511536415,0.578279352123408,0.860043016040681,-4.63848477582742
"RPL13",-17.6531143884783,262.457363214671,-0.565176137326366,0.581003874486884,0.861896332890212,-4.63877209175065
"ATP5A1",-9.97762682217487,404.100480842272,-0.553717570679077,0.588610019636308,0.868282615388883,-4.63956047332458
"USO1",3.8062844918326,79.7230669704699,0.55328321700932,0.588899345067488,0.868282615388883,-4.63959006660721
"NEB",-41.2966815723231,975.219292297914,-0.551424015523072,0.590138593653275,0.868282615388883,-4.639716496175
"HADHB",4.94477964513785,194.804082616092,0.549734033633574,0.591266206362584,0.868282615388883,-4.63983107909801
"TCEB2",-6.92588757306218,88.57694687094,-0.538974324071289,0.598471147323858,0.876654972084947,-4.64055300558805
"RAB7A",2.58802552975753,82.4388752664161,0.534222546578402,0.601667088724212,0.87747455494491,-4.64086763755649
"SMTNL1",-7.47114621428566,231.50228225,-0.533667644756155,0.602040861025668,0.87747455494491,-4.6409042117589
"CA3",-69.136685665959,1517.23085062345,-0.525672916673977,0.607438841719462,0.880395472344691,-4.64142725046377
"MYH2",-204.451616642856,4651.95277189286,-0.524706234651718,0.608093162797693,0.880395472344691,-4.64148999832637
"PPP1R1A",-3.64467928571428,105.133967785714,-0.522768085518987,0.609406094815905,0.880395472344691,-4.6416154822264
"ATP5D",-8.78061975661346,218.996474141698,-0.515033474652701,0.614659541187455,0.880395472344691,-4.64211196212208
"RPL23",-25.5238516972748,182.908559415047,-0.511401008529416,0.617134386651726,0.880395472344691,-4.64234275500579
"NDUFB10",-9.91701488544305,276.314187381199,-0.508978422484236,0.618787618857214,0.880395472344691,-4.64249583212997
"COX6C",10.751007888121,179.307084799641,0.508272130195809,0.619270014603754,0.880395472344691,-4.64254033359481
"NDUFS8",5.54578404672084,107.880490184587,0.507665955780011,0.619684175504724,0.880395472344691,-4.64257848103933
"MYL12A",41.4223575983197,814.746615807392,0.505264927330804,0.621325964730332,0.880395472344691,-4.64272916468861
"COX7C",-23.4287046604,433.857691847174,-0.504712624812706,0.621703918470626,0.880395472344691,-4.64276373191082
"NDUFS5",-5.95589517896554,174.37061770826,-0.50219031390507,0.623431404803003,0.880395472344691,-4.64292114898146
"SNTA1",3.17710680593043,75.8014421326217,0.502011262687867,0.623554121577515,0.880395472344691,-4.6429322955881
"COX5B",14.9564744560641,320.430528936915,0.499273332955172,0.625432068468405,0.880395472344691,-4.6431022800002
"RPL35",-26.3053775531644,496.149096138109,-0.496680489178793,0.627212995627313,0.880395472344691,-4.64326245668956
"RPLP2",30.8470493173909,373.921622020463,0.495841484028169,0.627789795002471,0.880395472344691,-4.64331412064272
"SDHA",-2.54424163208361,123.141714779829,-0.495235262220211,0.62820671783086,0.880395472344691,-4.64335139956332
"FABP3",17.2084971428573,438.091275357143,0.480692676414925,0.638247501841184,0.886844550555679,-4.64423288163832
"GPX4",6.65033664504803,125.57767305814,0.480426856020196,0.638431731305498,0.886844550555679,-4.64424876488926
"MT-ATP8",-941.633149472708,10780.1570882473,-0.479970340495248,0.638748181822819,0.886844550555679,-4.64427602328504
"GOT1",-2.35089194490237,138.647054344757,-0.479761230969532,0.638893158204777,0.886844550555679,-4.64428850102778
"EHBP1L1",-3.23112092456647,81.35310655232,-0.474913141712793,0.642258646707498,0.888469803213544,-4.64457635924999
"UBL5",-6.01034378018066,107.611530764344,-0.473685830468104,0.643111933029358,0.888469803213544,-4.64464879592028
"HIGD2A",-3.83792465324772,112.209584177583,-0.470563662458128,0.64528497359925,0.889364396237265,-4.64483227379117
"OGDH",-2.52915920840432,89.2500431206759,-0.463511103192741,0.650205966973227,0.890580736705316,-4.64524252165031
"RPL39",18.8777190808566,200.699959631853,0.462741075357089,0.650744295294706,0.890580736705316,-4.64528696081891
"SRRM2",6.9196690319797,113.380858749843,0.459451994870812,0.653045977062108,0.890580736705316,-4.64547599293646
"PINK1",-2.38882758829795,113.168541564985,-0.458440916264196,0.653754264434906,0.890580736705316,-4.64553384667418
"NDUFA12",-3.23115624514635,107.549589053027,-0.456051451968487,0.655429524954556,0.890580736705316,-4.64567009328337
"RPL17",10.5452717789793,139.74384583495,0.454067378616589,0.656822031343248,0.890580736705316,-4.64578271367451
"MYOM2",-3.53305725092768,138.34138650406,-0.454012483858435,0.656860577672874,0.890580736705316,-4.64578582302823
"RPL13A",-33.1127579531677,565.625071150308,-0.447384976382525,0.661521752044723,0.893964432620823,-4.6461586069044
"TMSB4X",-43.4521601691208,502.308760131797,-0.445548622663547,0.662815868675891,0.893964432620823,-4.64626098044313
"RPS28",26.5654677189775,184.777138192244,0.442669944159002,0.664846785464025,0.893964432620823,-4.64642065930556
"NDUFA6",2.08203992189679,81.0894471085424,0.436635209212937,0.669113180616716,0.893964432620823,-4.64675221864666
"ACADVL",-11.0055853980194,360.814772626598,-0.434885162919873,0.670352649038769,0.893964432620823,-4.64684756180599
"HSPB6",9.94038450000001,227.486735535714,0.434516254034404,0.670614055864632,0.893964432620823,-4.64686761371389
"YBX1",-12.0984583664818,432.757576753566,-0.429878655342359,0.673904004895954,0.893964432620823,-4.64711830992762
"TMEM38A",-2.7038425317932,146.556897203435,-0.429857344389466,0.673919139134634,0.893964432620823,-4.64711945604143
"RPL19",-26.3786616193514,585.526552469141,-0.428126313278566,0.675148941855817,0.893964432620823,-4.64721237139381
"KIF1C",2.26085046512793,96.3898321048938,0.427826733921256,0.675361874596516,0.893964432620823,-4.64722841552412
"SNHG5",-6.60413275675871,176.935661128576,-0.426614875775996,0.676223524503916,0.893964432620823,-4.64729320824054
"MT-ND4L",-522.493456678524,7937.9670587433,-0.421227917723263,0.680059428014088,0.894260932458308,-4.64757910832724
"hsa-mir-6723",-35.8681597288343,417.120654533675,-0.421106395555835,0.680146067342511,0.894260932458308,-4.64758551793581
"FKBP3",2.38670362581043,104.863970207666,0.419839624226555,0.68104949230101,0.894260932458308,-4.64765222808381
"VIM",-12.4906575088103,134.684647919252,-0.41452234888799,0.684847157253622,0.897226725121037,-4.64793015440411
"ATP5H",4.50153315011687,197.612939506506,0.401042712814691,0.69451404532099,0.904166988946705,-4.6486195571703
"KTN1",-3.24576950179847,91.2458880230478,-0.400177509142654,0.695136437243352,0.904166988946705,-4.64866306300961
"RPS16",-14.1149038746739,503.943337383227,-0.397405767297221,0.697131850631203,0.904166988946705,-4.6488018315102
"MYO18A",3.31293166572049,102.670047096028,0.396317022101836,0.697916291138287,0.904166988946705,-4.6488560874084
"UQCR10",-4.43613712867628,131.54113438671,-0.392847571521191,0.700418419539723,0.904166988946705,-4.64902803074284
"C21orf33",3.65225430583466,87.2921629026918,0.392228681800355,0.700865136905883,0.904166988946705,-4.64905855016493
"UCP3",4.05735256190147,81.7298226328835,0.389895136647686,0.702550533392309,0.904166988946705,-4.64917320976311
"MT-TK",-9.4288570792035,90.2984756218683,-0.389893510567357,0.702551708392551,0.904166988946705,-4.6491732894324
"SLC25A3",8.20480969272681,330.198561955835,0.387442892891585,0.704323412915604,0.904450550065632,-4.64929299443347
"NDUFA13",-6.64857938663884,133.637315236506,-0.38222847641281,0.70809916946841,0.90656510538288,-4.6495452912008
"MT-TR",-15.3580826795317,133.635559157309,-0.3808756190845,0.709080082426404,0.90656510538288,-4.64961021199957
"RPL5",-7.747595135332,279.790322855867,-0.375906623132096,0.712687532201124,0.908535076961755,-4.64984676460003
"RPL14",-5.98733903889297,227.618469247056,-0.374461982269869,0.713737676240967,0.908535076961755,-4.64991497715232
"TMEM52",2.70923892540497,83.9617727395081,0.36709051330789,0.71910552412068,0.910945773312909,-4.65025910293408
"NDUFB8",-5.47910564775515,135.333882508832,-0.365573477871131,0.720212142987524,0.910945773312909,-4.65032910553541
"SIRT2",-2.05648935142509,82.6860667449981,-0.364044938713259,0.721327812777202,0.910945773312909,-4.65039935630511
"TNNC2",-346.292580056467,5481.12773589099,-0.363286610264594,0.72188155621023,0.910945773312909,-4.6504341033005
"BLVRB",10.829837220738,83.1243820136545,0.358308018108253,0.725521014288235,0.911368144560404,-4.6506604887714
"RPS18",-22.2805015574921,535.524358608465,-0.356867041245974,0.726575691319712,0.911368144560404,-4.65072544986438
"UQCRH",-4.64288096555264,166.488882452567,-0.354961230238808,0.727971473852693,0.911368144560404,-4.6508109779726
"PPP1CB",-1.60060376840728,88.7025586278211,-0.354281935620508,0.728469220180357,0.911368144560404,-4.65084135609512
"RPSA",-8.19781701943561,149.244069140812,-0.351267510293585,0.73067954323576,0.911773202007033,-4.65097548300543
"ITM2B",-4.21849628879859,137.675065773939,-0.345167853525138,0.735159702129134,0.911773202007033,-4.65124349654536
"RPL24",-13.570348606273,258.927617092471,-0.342535525871469,0.737096239916055,0.911773202007033,-4.65135775516433
"RPL39P3",-5.82170400257815,85.7382832374793,-0.339900612239563,0.739036540339673,0.911773202007033,-4.65147127765682
"SCARNA17",-0.941965571428572,1.68655821428571,-0.339607891574221,0.739252208614576,0.911773202007033,-4.65148383680755
"STAC3",9.25001771723391,479.019941795638,0.338513997604392,0.740058360303205,0.911773202007033,-4.65153067741641
"TSC22D3",-3.60841483611862,78.5060702747202,-0.33496026277342,0.742679493185832,0.911773202007033,-4.65168183758831
"ATP5I",-11.7702844530886,290.316158915984,-0.332351871391705,0.744605482799027,0.911773202007033,-4.65179180252097
"TPM2",104.611215223461,6396.42035827327,0.328035236856368,0.747796706493361,0.911773202007033,-4.6519719510818
"FTH1",-39.1454254578865,735.455215796952,-0.325819212958027,0.749436852585573,0.911773202007033,-4.6520635453755
"COX5A",-4.70304389236021,191.109544840541,-0.322910102240284,0.751591885650475,0.911773202007033,-4.65218287119462
"CLIC5",-2.67339279786659,96.0031706469914,-0.322824342479653,0.751655448207933,0.911773202007033,-4.65218637310548
"MUSTN1",21.6073729328504,281.195954322805,0.322611283243508,0.751813369416518,0.911773202007033,-4.65219506924555
"TCAP",49.9084785713574,1576.27522103974,0.320230845379392,0.753578553046725,0.911773202007033,-4.65229184872556
"GLUL",-4.331988539552,120.614750685019,-0.319849506703422,0.753861463318348,0.911773202007033,-4.65230728773581
"RPPH1",5.10719155104584,1556.91308425038,0.31691118156408,0.756042598090157,0.911773202007033,-4.65242564970816
"RPL3",-9.43299980386828,117.888589094829,-0.315737759054331,0.756914241443101,0.911773202007033,-4.65247262071843
"RPL18",-15.203140131735,268.855013869797,-0.315697987891311,0.756943790345461,0.911773202007033,-4.65247420975047
"SEPW1",-15.4163951861288,347.595149729395,-0.312329851673891,0.759447653487086,0.912903055634993,-4.65260807458014
"SERPINF1",-3.36904453493434,115.113692277109,-0.303200083157418,0.766248733773772,0.913534225115458,-4.65296389731502
"MT-TM",27.1319734505171,312.017625684395,0.301759871817353,0.76732344473582,0.913534225115458,-4.65301908827484
"CKMT2",6.62136945978077,333.63571423961,0.298194045211846,0.769986464076408,0.913534225115458,-4.65315463265491
"NFE2L1",-3.19818256645667,218.337217859547,-0.297741794340693,0.770324429011876,0.913534225115458,-4.65317171128289
"RPL35A",-9.23458482685928,161.354944006844,-0.296895794388956,0.770956770916042,0.913534225115458,-4.65320359136439
"OAZ1",-21.1244296667941,425.914837345576,-0.296812386884937,0.771019122952929,0.913534225115458,-4.6532067296401
"SDHB",-2.06045825568035,119.747574017647,-0.295302588504504,0.772148070377693,0.913534225115458,-4.65326338821115
"RPS29",35.9934241155491,588.138533283619,0.293938621576275,0.77316843406172,0.913534225115458,-4.65331433154677
"ATP5G1",-5.82319641779217,160.669134786975,-0.289566342212665,0.776442202308464,0.913534225115458,-4.65347608044257
"SPAG7",2.3149593087717,91.4033754913106,0.284592692807852,0.78017162076194,0.913534225115458,-4.65365719564632
"SERF2",6.43226022119004,124.866341566912,0.282700366599622,0.781592037746506,0.913534225115458,-4.65372529866
"LMOD2",-8.94851471428572,340.115191857143,-0.282570593278376,0.781689477881645,0.913534225115458,-4.65372995279111
"KLHDC3",-1.22331743962095,78.5743162767929,-0.281703200387566,0.782340856491668,0.913534225115458,-4.65376100687909
"PDLIM3",14.6226369285716,1183.90984667857,0.279631583257156,0.783897246885863,0.913534225115458,-4.65383479611138
"RPS15A",12.7502007850859,227.417895640445,0.27856643939799,0.784697856201419,0.913534225115458,-4.6538725281002
"SYNPO",3.18747990557274,205.848565815299,0.278106040273406,0.785043991051191,0.913534225115458,-4.65388879378511
"TOMM7",8.06082128742404,225.141657203744,0.274041992572517,0.78810144389602,0.915265222691991,-4.65403123177918
"CAP2",-1.83355807142857,174.62439775,-0.269340296115788,0.791643141272295,0.917550599128723,-4.65419345480473
"VDAC1",1.81156960879278,216.693532872681,0.261529948413085,0.797537070258975,0.921076609788757,-4.65445685008692
"SRL",2.69430985714284,150.975957642857,0.26112224661813,0.797845090811874,0.921076609788757,-4.65447039052412
"ZNF106",2.94470425730092,130.292222722528,0.254456288717176,0.802886178894083,0.923000398619605,-4.65468883542644
"HLA-C",-8.93213673389509,343.225919157214,-0.253902143983043,0.803305661572428,0.923000398619605,-4.65470674507296
"PLN",-7.70186499999999,394.7259805,-0.252640344163089,0.804261067750874,0.923000398619605,-4.6547473825906
"COX7B",-1.57810167034877,80.5043833777228,-0.241675191873078,0.812577159461122,0.930712149245254,-4.65509214336368
"UQCRQ",-8.48210694705867,253.112165752886,-0.238892405675541,0.814691443324127,0.931304140113659,-4.65517724381498
"TYROBP",-23.1838151851937,330.691782403805,-0.235690143276843,0.817126290609933,0.931389803050567,-4.6552739713706
"ACADM",-2.04376064618396,95.085098152938,-0.230642641065884,0.820968146803078,0.931389803050567,-4.65542382521618
"UGP2",-1.08589695134905,109.693318424197,-0.22747662300673,0.823380375873874,0.931389803050567,-4.65551618847225
"RPS24",-26.1776601052396,798.314027686188,-0.226254922289373,0.824311702820244,0.931389803050567,-4.65555149297121
"RPL9",7.30933550019471,147.063735949797,0.226026954809439,0.824485517493691,0.931389803050567,-4.65555805998107
"NDUFA1",3.90657790651598,145.089792171586,0.224657000305449,0.825530245728425,0.931389803050567,-4.6555973864558
"ANK1",2.36395735062894,155.449602592777,0.224107426197954,0.825949447988238,0.931389803050567,-4.65561309648078
"EEF2",9.13543935289737,677.262443455172,0.216398466076037,0.831835418152329,0.932738520960729,-4.65582946140473
"LMCD1",-4.18647094465423,98.8036192933758,-0.213225737571866,0.834260940907172,0.932738520960729,-4.65591633763766
"MFN2",1.16361549877413,80.3248606499319,0.212182317662312,0.83505901071565,0.932738520960729,-4.65594463183133
"RPL31",8.4963612567583,251.453336520021,0.212105487450652,0.835117782522224,0.932738520960729,-4.65594670980046
"NDUFB2",-3.5677143313845,190.277086125335,-0.211824049349911,0.835333079301602,0.932738520960729,-4.65595431529661
"DES",-53.6297944001077,3425.76657066559,-0.209252816713576,0.837300674533405,0.932738520960729,-4.6560233375453
"RP11-742N3.1",-24.7676970046873,242.822488714515,-0.206863902203797,0.839129768331215,0.932738520960729,-4.65608671915043
"CD52",-5.47954025295134,179.322200390886,-0.205106293528864,0.84047611488764,0.932738520960729,-4.6561328919285
"SVIL",2.52178073222688,206.141415268219,0.203711994548411,0.841544531775889,0.932738520960729,-4.6561692434279
"RPL36",7.96804968056416,220.856692199133,0.195064602719474,0.848177979494853,0.93830694885294,-4.65638921632699
"GABARAP",-3.06043141990546,125.190708515143,-0.192202406367543,0.850376244216078,0.938957102988586,-4.65645994547567
"EDF1",-2.80530722046334,111.735928774068,-0.188607178339455,0.853139333159699,0.939099681097787,-4.65654732219898
"CYBA",4.81081900582185,126.366808320443,0.18528202592064,0.855696642462117,0.939099681097787,-4.65662668058701
"EIF3G",-1.6068089719243,112.698517542177,-0.183947669125604,0.856723345628622,0.939099681097787,-4.65665813329623
"TXNIP",11.4843491719826,367.724277021956,0.183654971485368,0.85694859407208,0.939099681097787,-4.65666500247764
"CTD-2545M3.8",-3.46866744665894,91.7800064799901,-0.17746675558759,0.861713799015706,0.942549990292977,-4.65680769302159
"CD59",-0.802463852783191,113.499067050283,-0.174969419202885,0.863638457630575,0.942886181270834,-4.65686390454686
"HRC",-0.954248071428543,123.663303678571,-0.167520204868601,0.869384749702905,0.945476476360701,-4.6570268817285
"GSTP1",-1.43186933918122,84.9083057352914,-0.166635158133187,0.870067987752374,0.945476476360701,-4.65704577762114
"ISCU",1.09981697037857,93.8157751740271,0.165588307727791,0.870876274109257,0.945476476360701,-4.65706799980107
"SOD2",-2.79914078531956,91.973197804411,-0.163246772547824,0.872684744315006,0.945678821441726,-4.65711720188379
"MYL2",-97.8341412857136,6356.74972978571,-0.152104720650865,0.881300200679975,0.948558520621606,-4.65734179215189
"SMPX",3.5918842857143,409.907655928572,0.151098909115009,0.882078718723697,0.948558520621606,-4.65736129034576
"CYB5R1",-1.31626823326822,141.295439216365,-0.150919607313354,0.882217515195101,0.948558520621606,-4.65736475270544
"ACTN3",1.60382281572638,115.21143024932,0.150537745052012,0.882513125922685,0.948558520621606,-4.6573721129385
"SNHG6",1.89251121272426,96.5212754819918,0.149292389081171,0.883477318520638,0.948558520621606,-4.65739598786965
"RP1-46F2.2",1.54545414285713,70.7076041428572,0.145185996488401,0.886657964363321,0.950223516955544,-4.65747331535233
"ATP5G2",-3.21232905104256,242.225968800566,-0.142541758887202,0.888707162451969,0.950672065522014,-4.65752197402685
"CSDE1",3.10227821917957,355.272283535014,0.137345437868217,0.892736537987427,0.951147234109102,-4.65761500387989
"SLC25A37",15.2207402900219,186.774042582945,0.136267931646526,0.893572456432862,0.951147234109102,-4.65763386432713
"TNNT1",-99.4832881829047,4793.0896665931,-0.134898051121376,0.894635385558788,0.951147234109102,-4.65765762903195
"RPL8",5.6641783940396,518.649443733498,0.133555592908451,0.895677241039274,0.951147234109102,-4.65768068621131
"SCARNA10",3.09377144587105,-21.7903969276419,0.126658091024049,0.901033368713526,0.953677395894075,-4.65779553372316
"MTND1P23",-0.385690217675744,-73.0282954921917,-0.126274399731857,0.901331466788396,0.953677395894075,-4.6578017444434
"CUTC",-0.721826704530232,103.122434076524,-0.123356072620754,0.903599281288471,0.953852860497255,-4.65784836863451
"NGRN",0.507403422648777,81.9993529559259,0.12147965128452,0.905057900305738,0.953852860497255,-4.65787777354849
"MYBPC2",-8.12117616878056,611.289292766593,-0.116519587989731,0.908915261178893,0.953852860497255,-4.6579533394563
"RPS27A",8.78150726888338,297.981748174885,0.116170261686347,0.909187017800028,0.953852860497255,-4.65795854311792
"KLHL41",-7.5096547112205,1468.72397696824,-0.115539357177996,0.909677856666336,0.953852860497255,-4.65796790180058
"RP11-290D2.6",0.324306642857142,1.55721575,0.107335632907057,0.916063705774338,0.95882430963454,-4.65808496965177
"FHL3",4.48532078687101,405.463967041279,0.0984893818676727,0.922956443781905,0.959744507695365,-4.65820157817224
"RPL36A",-2.65852716303701,135.021855009011,-0.0975635743029204,0.923678187736465,0.959744507695365,-4.65821320405777
"RPL30",-8.9172542919099,628.32241035546,-0.0941043345286191,0.926375565566722,0.959744507695365,-4.6582556745116
"RPL18A",5.1983030852326,429.414103502495,0.0938521259506993,0.926572265024363,0.959744507695365,-4.65825871116271
"RPS25",-2.98672057316366,427.401004069348,-0.0933191357806378,0.92698796465565,0.959744507695365,-4.65826510174591
"MT-TA",-0.243575714285714,0.235059571428571,-0.0911354758948201,0.928691315387709,0.959744507695365,-4.65829090482084
"BSG",1.29761464481299,137.393339681357,0.0897074894043457,0.929805404651669,0.959744507695365,-4.65830744888348
"EIF3E",0.544177309641684,87.6619083795446,0.0893137733618331,0.930112601797395,0.959744507695365,-4.65831196446692
"SHISA4",-0.674278073008209,143.389089495865,-0.0727170746853585,0.943072082782125,0.97111776992036,-4.65848428100794
"RTN4",0.584557235127585,221.450372156285,0.068421290176263,0.946429318857454,0.97111776992036,-4.65852314007253
"RPLP1",5.42845610004552,882.587137198768,0.06802238364677,0.94674112647648,0.97111776992036,-4.65852662865358
"PKIA",-0.937590742118846,203.85809359404,-0.0663490525845023,0.948049193678745,0.97111776992036,-4.65854104055685
"USMG5",-1.0529163082634,159.911572144252,-0.0630102396742872,0.950659653592307,0.97111776992036,-4.65856872537014
"NDUFA11",0.613678764345943,90.8555621031617,0.0624099334750815,0.951129067966596,0.97111776992036,-4.65857355158967
"MRPL33",0.880377090604522,141.223148325024,0.057661078531303,0.954843123998078,0.972930727331389,-4.65861010374326
"RPS21",-3.82647973104635,353.544732102352,-0.0558723354602276,0.956242378663612,0.972930727331389,-4.65862312282559
"NDUFB11",-0.181017281519422,82.7439741916888,-0.0268302568110595,0.978978288982301,0.99170168850174,-4.65877712696751
"NFIX",0.188997449991018,89.1942337519207,0.0249286126901112,0.980467898139145,0.99170168850174,-4.65878343906054
"ATP5L",0.372072985260876,111.976556066932,0.0244486493509603,0.980843878569208,0.99170168850174,-4.65878495890113
"ATP5J2",0.320110034798802,168.945101060234,0.0236168315711549,0.981495496167245,0.99170168850174,-4.65878752295024
"RPL26",1.16000706566636,442.860021474131,0.014573557812054,0.988580470680452,0.997132204855888,-4.65880967204518
"HLA-DRA",-0.128286465472501,110.048257099857,-0.0078058530954672,0.993883334311513,0.998192499795101,-4.65881938566127
"TPM3",0.729651786208326,1584.52552379296,0.00556404028120635,0.995639995249556,0.998192499795101,-4.65882130797173
"RPS15",-0.298313957058394,359.208471928417,-0.00533955818731897,0.995815898507393,0.998192499795101,-4.65882146495333
"ATP5J",0.0713442206227156,206.986482901057,0.00449162908409023,0.996480334272296,0.998192499795101,-4.65882199959527
"PFKM",-0.000150039478765134,316.688093076537,-7.10102049498065e-06,0.999994435580474,0.999994435580474,-4.65882329350816
